story,category,title
35-pounds,short,"35 Pounds"
arecibo,short,"Arecibo Mon Amour"
beneath-coriandel,adult,"Beneath Coriandel"
booksters-apprentice,ya,"The Bookster's Apprentice"
cloudherd,ya,"The Cloudherd and the Tiger's Boy"
eimin-medef,ya,"Eimin in Medef"
eimin-ossisswe,ya,"Eimin in Ossisswe"
extinction,short,"Extinction"
five-letters,short,"Five Letters (None Complete)"
grsp,nf,"Growing a Research Software Project"
iffy,ya,"Iffy"
in-heck,ya,"In Heck"
last-wolf,ya,"The Last Wolf"
leaderboard,short,"Leaderboard"
maddy-roo,ya,"Maddy Roo"
madica,ya,"Madica"
princess-bear,ya,"The Princess and the Bear"
santas,ya,"All the Other Santas"
scribophile,review,"Scribophile"
sql-tutorial,nf,"SQL Tutorial"
still,ya,"Still"
sys-tutorial,nf,"System Tutorial"
tuppence-a-bag,short,"Tuppence a Bag"
voyage,adult,"The Voyage of the Unshadowed Land"
wrestler,short,"Wrestler"
